{
    "uvs":[[0.5,1,0.853553,0.853553,1,0.5,0.853553,0.146447,0.5,0,0.146447,0.146447,0,0.5,0.146447,0.853553,0,0,1,0,1,1,0,1]],
    "vertices":[1.1825,0.0675,-2.95052e-09,0.982735,-2.82041e-08,-0.645235,0.836154,0.0675,-0.836154,0.754836,0.1825,-0.754837,0.786188,0.25,-0.516188,0.920919,0.25,-0.190919,1.0675,0.1825,-7.97733e-09,0.9325,0.1825,-7.97733e-09,0.659377,0.1825,-0.659377,0.57806,0.0675,-0.57806,0.690689,-6.259e-09,-0.143189,0.589641,-1.69225e-08,-0.387141,0.57806,-0.0675,-0.57806,0.659377,-0.1825,-0.659377,0.786188,-0.25,-0.516188,1.15115,-1.04317e-08,-0.238649,0.920919,-0.25,-0.190919,0.645235,-4.29567e-08,-0.982735,0.238649,-5.03183e-08,-1.15115,8.13603e-08,0.1825,-1.0675,0.190919,0.25,-0.920919,0.516188,0.25,-0.786188,8.9407e-08,0.1825,-0.9325,8.9407e-08,0.0675,-0.8175,0.387141,-2.5774e-08,-0.589641,0.143189,-3.0191e-08,-0.690689,8.9407e-08,-0.1825,-0.9325,0.190919,-0.25,-0.920919,0.516188,-0.25,-0.786188,0.754836,-0.1825,-0.754837,8.13603e-08,-0.1825,-1.0675,0.836154,-0.0675,-0.836154,6.76513e-08,0.0675,-1.1825,-0.645235,-4.29567e-08,-0.982735,-0.836154,0.0675,-0.836154,-0.516188,0.25,-0.786188,-0.190919,0.25,-0.920919,-0.57806,0.0675,-0.57806,-0.387141,-2.5774e-08,-0.589641,-0.143189,-3.0191e-08,-0.690689,8.9407e-08,-0.0675,-0.8175,-0.57806,-0.0675,-0.57806,-0.516188,-0.25,-0.786188,-0.190919,-0.25,-0.920919,-0.836154,-0.0675,-0.836154,-0.238649,-5.03183e-08,-1.15115,6.76513e-08,-0.0675001,-1.1825,-1.15115,-1.04317e-08,-0.238649,-1.0675,0.1825,-1.01301e-07,-0.920919,0.25,-0.190919,-0.786188,0.25,-0.516188,-0.754837,0.1825,-0.754836,-0.659377,0.1825,-0.659377,-0.9325,0.1825,-8.94991e-08,-0.8175,0.0675,-7.44186e-08,-0.690689,-6.259e-09,-0.143189,-0.589641,-1.69225e-08,-0.387141,-0.8175,-0.0675,-6.85176e-08,-0.659377,-0.1825,-0.659377,-0.754837,-0.1825,-0.754836,-0.786188,-0.25,-0.516188,-0.920919,-0.25,-0.190919,-0.982735,-2.82041e-08,-0.645235,-1.1825,0.0675,-1.06328e-07,-1.15115,1.04317e-08,0.238648,-0.920919,0.25,0.190919,-0.786188,0.25,0.516188,-0.589641,1.69225e-08,0.387141,-0.690689,6.25899e-09,0.143189,-0.786188,-0.25,0.516188,-0.920919,-0.25,0.190919,-0.9325,-0.1825,-7.35444e-08,-1.0675,-0.1825,-8.53465e-08,-0.836154,-0.0675,0.836154,-0.982735,2.82041e-08,0.645235,-1.1825,-0.0675,-1.00427e-07,-0.836154,0.0675,0.836154,-0.238649,5.03183e-08,1.15115,6.76513e-08,0.0675001,1.1825,8.13603e-08,0.1825,1.0675,-0.516188,0.25,0.786188,-0.754837,0.1825,0.754836,-0.659377,0.1825,0.659377,-0.190919,0.25,0.920919,8.9407e-08,0.1825,0.9325,-0.387141,2.5774e-08,0.589641,-0.57806,0.0675,0.57806,-0.57806,-0.0675,0.57806,-0.143189,3.0191e-08,0.690689,8.9407e-08,-0.0675,0.8175,-0.190919,-0.25,0.920919,-0.516188,-0.25,0.786188,-0.659377,-0.1825,0.659377,-0.754837,-0.1825,0.754836,8.13603e-08,-0.1825,1.0675,6.76513e-08,-0.0675,1.1825,-0.645235,4.29567e-08,0.982735,0.836153,0.0675,0.836154,0.754836,0.1825,0.754837,0.190919,0.25,0.920919,0.516188,0.25,0.786188,0.57806,0.0675,0.57806,0.143189,3.0191e-08,0.690689,8.9407e-08,0.0675,0.8175,0.387141,2.5774e-08,0.589641,0.516188,-0.25,0.786188,8.9407e-08,-0.1825,0.9325,0.190919,-0.25,0.920919,0.645235,4.29567e-08,0.982735,0.238648,5.03183e-08,1.15115,0.786188,0.25,0.516188,0.659377,0.1825,0.659377,0.920919,0.25,0.190919,0.8175,0.0675,-2.95052e-09,0.690689,6.259e-09,0.143189,0.57806,-0.0675,0.57806,0.589641,1.69225e-08,0.387141,0.8175,-0.0675,2.95052e-09,0.9325,-0.1825,7.97733e-09,0.786188,-0.25,0.516188,0.659377,-0.1825,0.659377,0.754836,-0.1825,0.754837,0.920919,-0.25,0.190919,1.0675,-0.1825,7.97733e-09,1.1825,-0.0675,2.95052e-09,1.15115,1.04317e-08,0.238649,0.982735,2.82041e-08,0.645235,0.836153,-0.0675,0.836154],
    "faces":[40,6,0,15,7,0,1,0,0,0,40,15,1,2,1,2,3,1,1,1,40,2,3,4,3,4,5,2,2,2,40,4,5,6,5,6,7,3,3,3,40,6,15,2,7,1,3,4,4,4,40,2,4,6,3,5,7,5,5,5,41,3,21,8,4,8,9,10,11,6,6,6,6,40,113,7,5,7,0,1,7,7,7,40,5,4,8,1,2,3,8,8,8,40,8,9,11,3,4,5,9,9,9,40,11,10,113,5,6,7,10,10,10,40,113,5,8,7,1,3,11,11,11,40,8,11,113,3,5,7,12,12,12,41,9,24,12,11,8,9,10,11,13,13,13,13,40,118,117,10,7,0,1,14,14,14,40,10,11,12,1,2,3,15,15,15,40,12,13,14,3,4,5,16,16,16,40,14,16,118,5,6,7,17,17,17,40,118,10,12,7,1,3,18,18,18,40,12,14,118,3,5,7,19,19,19,41,0,125,124,15,8,9,10,11,20,20,20,20,41,13,28,29,14,8,9,10,11,21,21,21,21,40,1,15,124,7,0,1,22,22,22,40,124,123,16,1,2,3,23,23,23,40,16,14,29,3,4,5,24,24,24,40,29,31,1,5,6,7,25,25,25,40,1,124,16,7,1,3,26,26,26,40,16,29,1,3,5,7,27,27,27,41,1,31,17,2,8,9,10,11,28,28,28,28,40,3,2,17,7,0,1,29,29,29,40,17,18,32,1,2,3,30,30,30,40,32,19,20,3,4,5,31,31,31,40,20,21,3,5,6,7,32,32,32,40,3,17,32,7,1,3,33,33,33,40,32,20,3,3,5,7,30,30,30,41,19,36,22,20,8,9,10,11,6,6,6,6,40,9,8,21,7,0,1,34,34,34,40,21,20,22,1,2,3,35,35,35,40,22,23,25,3,4,5,36,36,36,40,25,24,9,5,6,7,37,37,37,40,9,21,22,7,1,3,38,38,38,40,22,25,9,3,5,7,39,39,39,41,23,39,40,25,8,9,10,11,40,40,40,40,40,13,12,24,7,0,1,41,41,41,40,24,25,40,1,2,3,42,42,42,40,40,26,27,3,4,5,43,43,43,40,27,28,13,5,6,7,44,44,44,40,13,24,40,7,1,3,45,45,45,40,40,27,13,3,5,7,46,46,46,41,26,43,30,27,8,9,10,11,47,47,47,47,40,31,29,28,7,0,1,48,48,48,40,28,27,30,1,2,3,49,49,49,40,30,46,18,3,4,5,50,50,50,40,18,17,31,5,6,7,51,51,51,40,31,28,30,7,1,3,52,52,52,40,30,18,31,3,5,7,53,53,53,41,18,46,45,32,8,9,10,11,54,54,54,54,40,19,32,45,7,0,1,55,55,55,40,45,33,34,1,2,3,56,56,56,40,34,51,35,3,4,5,57,57,57,40,35,36,19,5,6,7,58,58,58,40,19,45,34,7,1,3,59,59,59,40,34,35,19,3,5,7,60,60,60,40,23,22,36,7,0,1,61,61,61,40,36,35,52,1,2,3,62,62,62,40,52,37,38,3,4,5,63,63,63,40,38,39,23,5,6,7,64,64,64,40,23,36,52,7,1,3,65,65,65,40,52,38,23,3,5,7,66,66,66,41,37,56,41,38,8,9,10,11,67,67,67,67,40,26,40,39,7,0,1,68,68,68,40,39,38,41,1,2,3,69,69,69,40,41,58,42,3,4,5,70,70,70,40,42,43,26,5,6,7,71,71,71,40,26,39,41,7,1,3,72,72,72,40,41,42,26,3,5,7,73,73,73,40,46,30,43,7,0,1,74,74,74,40,43,42,59,1,2,3,75,75,75,40,59,44,33,3,4,5,76,76,76,40,33,45,46,5,6,7,77,77,77,40,46,43,59,7,1,3,78,78,78,40,59,33,46,3,5,7,77,77,77,41,33,44,62,34,8,9,10,11,79,79,79,79,41,50,52,35,51,8,9,10,11,80,80,80,80,40,51,34,62,7,0,1,81,81,81,40,62,47,63,1,2,3,82,82,82,40,63,48,49,3,4,5,83,83,83,40,49,50,51,5,6,7,84,84,84,40,51,62,63,7,1,3,85,85,85,40,63,49,51,3,5,7,86,86,86,41,48,65,53,49,8,9,10,11,87,87,87,87,40,37,52,50,7,0,1,88,88,88,40,50,49,53,1,2,3,89,89,89,40,53,54,55,3,4,5,90,90,90,40,55,56,37,5,6,7,91,91,91,40,37,50,53,7,1,3,92,92,92,40,53,55,37,3,5,7,93,93,93,41,54,68,57,55,8,9,10,11,94,94,94,94,41,59,42,58,60,8,9,10,11,95,95,95,95,40,58,41,56,7,0,1,96,96,96,40,56,55,57,1,2,3,97,97,97,40,57,71,61,3,4,5,98,98,98,40,61,60,58,5,6,7,99,99,99,40,58,56,57,7,1,3,100,100,100,40,57,61,58,3,5,7,101,101,101,40,44,59,60,7,0,1,102,102,102,40,60,61,72,1,2,3,103,103,103,40,72,75,47,3,4,5,104,104,104,40,47,62,44,5,6,7,105,105,105,40,44,60,72,7,1,3,106,106,106,40,72,47,44,3,5,7,107,107,107,41,47,75,64,63,8,9,10,11,108,108,108,108,41,73,96,76,74,8,9,10,11,13,13,13,13,40,48,63,64,7,0,1,109,109,109,40,64,74,76,1,2,3,110,110,110,40,76,81,66,3,4,5,111,111,111,40,66,65,48,5,6,7,112,112,112,40,48,64,76,7,1,3,113,113,113,40,76,66,48,3,5,7,114,114,114,40,54,53,65,7,0,1,115,115,115,40,65,66,82,1,2,3,116,116,116,40,82,86,67,3,4,5,117,117,117,40,67,68,54,5,6,7,118,118,118,40,54,65,82,7,1,3,119,119,119,40,82,67,54,3,5,7,120,120,120,41,70,72,61,71,8,9,10,11,121,121,121,121,40,71,57,68,7,0,1,122,122,122,40,68,67,87,1,2,3,123,123,123,40,87,92,69,3,4,5,124,124,124,40,69,70,71,5,6,7,125,125,125,40,71,68,87,7,1,3,126,126,126,40,87,69,71,3,5,7,127,127,127,40,75,72,70,7,0,1,128,128,128,40,70,69,93,1,2,3,129,129,129,40,93,73,74,3,4,5,130,130,130,40,74,64,75,5,6,7,131,131,131,40,75,70,93,7,1,3,132,132,132,40,93,74,75,3,5,7,133,133,133,41,80,82,66,81,8,9,10,11,134,134,134,134,40,81,76,96,7,0,1,135,135,135,40,96,77,78,1,2,3,136,136,136,40,78,79,83,3,4,5,137,137,137,40,83,80,81,5,6,7,138,138,138,40,81,96,78,7,1,3,136,136,136,40,78,83,81,3,5,7,139,139,139,41,79,99,84,83,8,9,10,11,80,80,80,80,41,85,87,67,86,8,9,10,11,140,140,140,140,40,86,82,80,7,0,1,141,141,141,40,80,83,84,1,2,3,142,142,142,40,84,103,88,3,4,5,143,143,143,40,88,85,86,5,6,7,144,144,144,