{
    "uvs":[[0.5,1,0.853553,0.853553,1,0.5,0.853553,0.146447,0.5,0,0.146447,0.146447,0,0.5,0.146447,0.853553,0,0,1,0,1,1,0,1,0.933013,0.75,0.933013,0.25,0.0669873,0.25,0.0669873,0.75]],
    "faces":[40,3,2,1,7,0,1,0,0,0,40,1,0,7,1,2,3,1,1,1,40,7,6,5,3,4,5,0,0,0,40,5,4,3,5,6,7,0,0,0,40,3,1,7,7,1,3,2,2,2,40,7,5,3,3,5,7,0,0,0,40,13,12,11,7,0,1,3,3,3,40,11,10,9,1,2,3,4,4,4,40,9,8,15,3,4,5,3,3,3,40,15,14,13,5,6,7,3,3,3,40,13,11,9,7,1,3,3,3,3,40,9,15,13,3,5,7,5,5,5,40,23,22,21,7,0,1,6,6,6,40,21,20,19,1,2,3,7,7,7,40,19,18,17,3,4,5,6,6,6,40,17,16,23,5,6,7,6,6,6,40,23,21,19,7,1,3,8,8,8,40,19,17,23,3,5,7,9,9,9,40,26,25,24,7,0,1,10,10,10,40,24,31,30,1,2,3,10,10,10,40,30,29,28,3,4,5,11,11,11,40,28,27,26,5,6,7,10,10,10,40,26,24,30,7,1,3,12,12,12,40,30,28,26,3,5,7,13,13,13,40,33,32,39,7,0,1,14,14,14,40,39,38,37,1,2,3,14,14,14,40,37,36,35,3,4,5,15,15,15,40,35,34,33,5,6,7,14,14,14,40,33,39,37,7,1,3,16,16,16,40,37,35,33,3,5,7,17,17,17,40,43,42,41,7,0,1,18,18,18,40,41,40,47,1,2,3,18,18,18,40,47,46,45,3,4,5,19,19,19,40,45,44,43,5,6,7,18,18,18,40,43,41,47,7,1,3,20,20,20,40,47,45,43,3,5,7,21,21,21,41,0,17,18,7,10,11,8,9,22,22,22,22,41,22,9,10,21,8,9,10,11,23,23,23,23,41,26,13,14,25,8,9,10,11,24,24,24,24,41,30,3,4,29,8,9,10,11,25,25,25,25,41,34,23,16,33,8,9,10,11,26,26,26,26,41,36,15,8,35,8,9,10,11,27,27,27,27,41,38,31,24,37,8,9,10,11,28,28,28,28,41,32,1,2,39,8,9,10,11,29,29,29,29,41,42,5,6,41,8,9,10,11,30,30,30,30,41,44,27,28,43,8,9,10,11,31,31,31,31,41,46,11,12,45,8,9,10,11,32,32,32,32,41,40,19,20,47,8,9,10,11,33,33,33,33,40,0,1,32,15,0,12,34,34,34,40,32,33,16,12,13,4,35,35,35,40,16,17,0,4,14,15,36,36,36,40,32,16,0,12,4,15,37,37,37,40,22,23,34,15,0,12,38,38,38,40,34,35,8,12,13,4,39,39,39,40,8,9,22,4,14,15,40,40,40,40,34,8,22,12,4,15,41,41,41,40,14,15,36,15,0,12,42,42,42,40,36,37,24,12,13,4,43,43,43,40,24,25,14,4,14,15,44,44,44,40,36,24,14,12,4,15,44,44,44,40,6,7,18,15,0,12,45,45,45,40,18,19,40,12,13,4,46,46,46,40,40,41,6,4,14,15,47,47,47,40,18,40,6,12,4,15,48,48,48,40,20,21,10,15,0,12,49,49,49,40,10,11,46,12,13,4,50,50,50,40,46,47,20,4,14,15,51,51,51,40,10,46,20,12,4,15,52,52,52,40,45,12,13,15,0,12,53,53,53,40,13,26,27,12,13,4,54,54,54,40,27,44,45,4,14,15,55,55,55,40,13,27,45,12,4,15,56,56,56,40,42,43,28,15,0,12,57,57,57,40,28,29,4,12,13,4,58,58,58,40,4,5,42,4,14,15,59,59,59,40,28,4,42,12,4,15,60,60,60,40,39,2,3,15,0,12,61,61,61,40,3,30,31,12,13,4,62,62,62,40,31,38,39,4,14,15,63,63,63,40,3,31,39,12,4,15,62,62,62],
    "metadata":{
        "version":3,
        "faces":80,
        "normals":64,
        "vertices":48,
        "uvs":1,
        "generator":"io_three",
        "type":"Geometry"
    },
    "vertices":[-0.565803,-0.147787,0.35679,-0.565803,-0.35679,0.147787,-0.565803,-0.35679,-0.147787,-0.565803,-0.147787,-0.35679,-0.565803,0.147787,-0.35679,-0.565803,0.35679,-0.147787,-0.565803,0.35679,0.147787,-0.565803,0.147787,0.35679,0.565803,-0.35679,0.147787,0.565803,-0.147787,0.35679,0.565803,0.147787,0.35679,0.565803,0.35679,0.147787,0.565803,0.35679,-0.147787,0.565803,0.147787,-0.35679,0.565803,-0.147787,-0.35679,0.565803,-0.35679,-0.147787,-0.147787,-0.35679,0.565803,-0.35679,-0.147787,0.565803,-0.35679,0.147787,0.565803,-0.147787,0.35679,0.565803,0.147787,0.35679,0.565803,0.35679,0.147787,0.565803,0.35679,-0.147787,0.565803,0.147787,-0.35679,0.565803,0.147787,-0.35679,-0.565803,0.35679,-0.147787,-0.565803,0.35679,0.147787,-0.565803,0.147787,0.35679,-0.565803,-0.147787,0.35679,-0.565803,-0.35679,0.147787,-0.565803,-0.35679,-0.147787,-0.565803,-0.147787,-0.35679,-0.565803,-0.35679,-0.565803,0.147787,-0.147787,-0.565803,0.35679,0.147787,-0.565803,0.35679,0.35679,-0.565803,0.147787,0.35679,-0.565803,-0.147787,0.147787,-0.565803,-0.35679,-0.147787,-0.565803,-0.35679,-0.35679,-0.565803,-0.147787,-0.147787,0.565803,0.35679,-0.35679,0.565803,0.147787,-0.35679,0.565803,-0.147787,-0.147787,0.565803,-0.35679,0.147787,0.565803,-0.35679,0.35679,0.565803,-0.147787,0.35679,0.565803,0.147787,0.147787,0.565803,0.35679],
    "normals":[-1,0,0,-1,-0,0,-1,0,-0,1,0,0,1,-0,0,1,0,-0,0,0,1,-0,0,1,0,0,1,0,-0,1,0,0,-1,0,-0,-1,0,0,-1,-0,0,-1,0,-1,0,0,-1,-0,0,-1,0,0,-1,-0,0,1,0,0,1,-0,0,1,0,0,1,-0,-0.707107,0,0.707107,0.707107,0,0.707107,0.707107,0,-0.707107,-0.707107,0,-0.707107,0,-0.707107,0.707107,0.707107,-0.707107,0,0,-0.707107,-0.707107,-0.707107,-0.707107,0,-0.707107,0.707107,0,0,0.707107,-0.707107,0.707107,0.707107,0,0,0.707107,0.707107,-0.57735,-0.57735,0.57735,-0.57735,-0.57735,0.57735,-0.57735,-0.57735,0.57735,-0.57735,-0.57735,0.57735,0.57735,-0.57735,0.57735,0.57735,-0.57735,0.57735,0.57735,-0.57735,0.57735,0.57735,-0.57735,0.57735,0.57735,-0.57735,-0.57735,0.57735,-0.57735,-0.57735,0.57735,-0.57735,-0.57735,-0.57735,0.57735,0.57735,-0.57735,0.57735,0.57735,-0.57735,0.57735,0.57735,-0.57735,0.57735,0.57735,0.57735,0.57735,0.57735,0.57735,0.57735,0.57735,0.57735,0.57735,0.57735,0.57735,0.57735,0.57735,0.57735,0.57735,-0.57735,0.57735,0.57735,-0.57735,0.57735,0.57735,-0.57735,0.57735,0.57735,-0.57735,-0.57735,0.57735,-0.57735,-0.57735,0.57735,-0.57735,-0.57735,0.57735,-0.57735,-0.57735,0.57735,-0.57735,-0.57735,-0.57735,-0.57735,-0.57735,-0.57735,-0.57735,-0.57735,-0.57735,-0.57735]
}