{
    "normals":[-2.66431e-15,1,-4.37114e-08,0,1,-4.37114e-08,-1.05384e-14,1,-4.37114e-08,0,1,-4.37114e-08,1.40513e-15,1,-4.37114e-08,2.66431e-15,1,-4.37114e-08,0,1,-4.37114e-08,-1.05384e-14,1,-4.37114e-08,0,1,-4.37114e-08,0,1,-4.37114e-08,1.40513e-15,1,-4.37114e-08,0,1,-4.37114e-08],
    "faces":[41,5,51,26,6,0,1,2,3,0,0,0,0,40,12,0,47,11,4,5,1,1,1,40,47,46,1,5,6,7,1,1,1,40,1,2,3,7,8,9,2,2,2,40,3,4,12,9,10,11,3,3,3,40,12,47,1,11,5,7,1,1,1,40,1,3,12,7,9,11,4,4,4,41,21,23,50,22,12,13,14,15,5,5,5,5,40,9,5,6,21,0,3,6,6,6,40,6,25,10,3,16,17,1,1,1,40,10,15,7,17,18,19,7,7,7,40,7,8,9,19,20,21,3,3,3,40,9,6,10,21,3,17,6,6,6,40,10,7,9,17,19,21,4,4,4,41,7,15,14,49,19,18,22,23,8,8,8,8,40,15,10,35,18,17,24,6,6,6,40,35,11,0,24,25,4,1,1,1,40,0,12,13,4,11,26,2,2,2,40,13,14,15,26,22,18,3,3,3,40,15,35,0,18,24,4,9,9,9,40,0,13,15,4,26,18,10,10,10,41,28,53,37,29,27,28,29,30,8,8,8,8,41,18,52,27,19,31,32,33,34,8,8,8,8,40,22,16,17,15,35,36,2,2,2,40,17,18,19,36,31,34,3,3,3,40,19,20,24,34,37,38,1,1,1,40,24,21,22,38,12,15,1,1,1,40,22,17,19,15,36,34,4,4,4,40,19,24,22,34,38,15,1,1,1,41,20,31,30,24,37,39,40,38,1,1,1,1,41,35,10,25,36,24,17,16,41,1,1,1,1,40,26,23,21,2,13,12,6,6,6,40,21,24,30,12,38,40,6,6,6,40,30,36,25,40,41,16,1,1,1,40,25,6,26,16,3,2,6,6,6,40,26,21,30,2,12,40,11,11,11,40,30,25,26,40,16,2,1,1,1,41,43,40,54,44,42,43,44,45,0,0,0,0,40,20,19,27,37,34,33,2,2,2,40,27,28,29,33,27,30,3,3,3,40,29,42,32,30,46,47,6,6,6,40,32,31,20,47,39,37,1,1,1,40,20,27,29,37,33,30,10,10,10,40,29,32,20,30,47,37,9,9,9,41,0,11,34,47,4,25,48,5,1,1,1,1,40,36,30,31,41,40,39,6,6,6,40,31,32,33,39,47,49,6,6,6,40,33,34,11,49,48,25,6,6,6,40,11,35,36,25,24,41,6,6,6,40,36,31,33,41,39,49,6,6,6,40,33,11,36,49,25,41,6,6,6,40,42,29,37,46,30,29,7,7,7,40,37,38,39,29,50,51,3,3,3,40,39,40,43,51,43,42,6,6,6,40,43,41,42,42,52,46,1,1,1,40,42,37,39,46,29,51,4,4,4,40,39,43,42,51,42,46,6,6,6,41,32,42,41,33,47,46,52,49,1,1,1,1,41,1,46,45,55,7,6,53,54,5,5,5,5,41,12,4,48,13,11,10,55,26,8,8,8,8,40,34,33,41,48,49,52,1,1,1,40,41,43,44,52,42,45,6,6,6,40,44,45,46,45,53,6,6,6,6,40,46,47,34,6,5,48,6,6,6,40,34,41,44,48,52,45,1,1,1,40,44,46,34,45,6,48,11,11,11],
    "metadata":{
        "faces":66,
        "generator":"io_three",
        "normals":12,
        "version":3,
        "type":"Geometry",
        "uvs":1,
        "vertices":56
    },
    "uvs":[[0.000138288,0.777475,0.000176596,0.666416,0.000214963,0.555357,0.111236,0.666454,0.666493,0.777705,0.77759,0.666684,0.888649,0.666723,0.99967,0.77782,0.999632,0.888879,0.888534,0.9999,0.777475,0.999862,0.666455,0.888764,0.111351,0.333277,0.000253241,0.444298,0.000291609,0.333239,0.000329946,0.22218,0.222295,0.666493,0.333316,0.77759,0.333277,0.888649,0.22218,0.99967,0.111121,0.999632,9.998e-05,0.888534,0.444298,0.999747,0.333239,0.999708,0.444413,0.666569,0.555472,0.666608,0.555357,0.999785,0.555702,0.000253271,0.666761,0.000291609,0.77782,0.000329946,0.666723,0.111351,0.222525,0.000138347,0.333584,0.000176596,0.444643,0.000214963,0.333546,0.111236,0.000368254,0.111121,0.111466,9.998e-05,0.333507,0.222295,0.22241,0.333316,0.444528,0.333392,0.333431,0.444413,0.333392,0.555472,0.888764,0.333546,0.999862,0.222525,0.999823,0.333584,0.999785,0.444643,0.666684,0.22241,0.555587,0.333431,0.666569,0.555587,0.666608,0.444528,0.888879,0.000368284,0.9999,0.111466,0.777705,0.333507,0.999747,0.555702,0.999708,0.666761,0.666416,0.999823]],
    "vertices":[0.266667,-1.94273e-08,-0.444444,0.8,-1.94273e-08,-0.444444,0.8,-2.71982e-08,-0.622222,0.622222,-3.49691e-08,-0.8,0.444444,-3.49691e-08,-0.8,-0.8,-1.94273e-08,-0.444444,-0.622222,-1.16564e-08,-0.266667,-0.444444,-3.49691e-08,-0.8,-0.622222,-3.49691e-08,-0.8,-0.8,-2.71982e-08,-0.622222,-0.266667,-1.94273e-08,-0.444444,0.0888889,-1.16564e-08,-0.266667,0.266667,-2.71982e-08,-0.622222,0.0888889,-3.49691e-08,-0.8,-0.0888889,-3.49691e-08,-0.8,-0.266667,-2.71982e-08,-0.622222,-0.8,2.71982e-08,0.622222,-0.622222,3.49691e-08,0.8,-0.444444,3.49691e-08,0.8,-0.266667,2.71982e-08,0.622222,-0.266667,1.94273e-08,0.444444,-0.622222,1.16564e-08,0.266667,-0.8,1.94273e-08,0.444444,-0.8,3.88546e-09,0.0888889,-0.444444,1.16564e-08,0.266667,-0.444444,-1.16564e-08,-0.266667,-0.8,-3.88546e-09,-0.0888889,-0.0888889,3.49691e-08,0.8,0.0888889,3.49691e-08,0.8,0.266667,2.71982e-08,0.622222,-0.266667,3.88546e-09,0.0888889,-0.0888889,1.16564e-08,0.266667,0.0888889,1.16564e-08,0.266667,0.266667,3.88546e-09,0.0888889,0.266667,-3.88546e-09,-0.0888889,-0.0888889,-1.16564e-08,-0.266667,-0.266667,-3.88546e-09,-0.0888889,0.444444,3.49691e-08,0.8,0.622222,3.49691e-08,0.8,0.8,2.71982e-08,0.622222,0.8,1.94273e-08,0.444444,0.444444,1.16564e-08,0.266667,0.266667,1.94273e-08,0.444444,0.622222,1.16564e-08,0.266667,0.8,3.88546e-09,0.0888889,0.8,-3.88546e-09,-0.0888889,0.622222,-1.16564e-08,-0.266667,0.444444,-1.16564e-08,-0.266667,0.266667,-3.49691e-08,-0.8,-0.266667,-3.49691e-08,-0.8,-0.8,1.16564e-08,0.266667,-0.8,-1.16564e-08,-0.266667,-0.266667,3.49691e-08,0.8,0.266667,3.49691e-08,0.8,0.8,1.16564e-08,0.266667,0.8,-1.16564e-08,-0.266667]
}